country,isocode,subregion,year,region,pib_per_capita,indice_gini,tasa_desempleo_joven,tasa_homicidio,dummy_outlier_tasa_homicidio,dummy_outlier_pib_per_capita,dummy_outlier_tasa_desempleo_joven,dummy_outlier_indice_gini
Afghanistan,AFG,Southern Asia,2020,Asia,2561.98176058622,38.2,16.053,6.578109,0,0,0,0
Afghanistan,AFG,Southern Asia,2015,Asia,2284.07584789349,30.1,12.55,9.952186,0,0,0,0
Afghanistan,AFG,Southern Asia,2010,Asia,1765.53802830615,35.3,9.99,3.4754522,0,0,0,0
Albania,ALB,Southern Europe,2020,Europe,14512.0376833706,29.4,28.117,2.1239898,0,0,0,0
Albania,ALB,Southern Europe,2015,Europe,11747.318031542,32.8,39.628,2.2079382,0,0,0,0
Albania,ALB,Southern Europe,2010,Europe,9755.92875964596,31.8,30.867,4.063206,0,0,0,0
Algeria,DZA,Northern Africa,2020,Africa,12676.5130564294,35,35.748,1.4849432,0,0,0,0
Algeria,DZA,Northern Africa,2015,Africa,13807.3515841478,37.5,30.376,1.3643339,0,0,0,0
Algeria,DZA,Northern Africa,2010,Africa,14201.3659906969,41.5,22.161,0.7018856,0,0,0,0
American Samoa,ASM,Polynesia,2020,Oceania,14110.3191444298,39.4,36.948,0.9457794,0,0,0,0
American Samoa,ASM,Polynesia,2015,Oceania,3331.85663003801,33.1,6.534,7.564583,0,0,0,0
American Samoa,ASM,Polynesia,2010,Oceania,39372.8511038542,34.1,14.218,9.053297,0,0,0,0
Andorra,AND,Southern Europe,2020,Europe,52095.8414004627,33.7,22.038,2.5846472,0,0,0,0
Andorra,AND,Southern Europe,2015,Europe,50733.2390011704,32.4,3.843,0,0,0,0,0
Andorra,AND,Southern Europe,2010,Europe,43853.1712385354,33.7,26.387,0,0,0,0,0
Angola,AGO,Sub-Saharan Africa,2020,Africa,6450.74994625154,35,33.067,8.846177,0,0,0,0
Angola,AGO,Sub-Saharan Africa,2015,Africa,7119.72644274401,40.8,35.151,4.453473,0,0,0,0
Angola,AGO,Sub-Saharan Africa,2010,Africa,6607.0221970301,55.8,38.752,3.654374,0,0,0,0
Antigua and Barbuda,ATG,Latin America and the Caribbean,2020,Americas,22370.0918693813,48,39.687,9.799011,0,0,0,0
Antigua and Barbuda,ATG,Latin America and the Caribbean,2015,Americas,20985.4388292177,48,4.541,3.6221154,0,0,0,0
Antigua and Barbuda,ATG,Latin America and the Caribbean,2010,Americas,24071.0297956482,49.2,26.802,7.0323076,0,0,0,0
Argentina,ARG,Latin America and the Caribbean,2020,Americas,22393.3479575353,42.7,30.428,5.3527217,0,0,0,0
Argentina,ARG,Latin America and the Caribbean,2015,Americas,19899.1499275245,42.7,20.27,6.5252876,0,0,0,0
Argentina,ARG,Latin America and the Caribbean,2010,Americas,17847.6110373178,43.7,19.381,5.7739778,0,0,0,0
Armenia,ARM,Western Asia,2020,Asia,14706.3173043422,25.1,32.205,2.5943546,0,0,0,0
Armenia,ARM,Western Asia,2015,Asia,9756.84084836026,32.4,31.871,2.567458,0,0,0,0
Armenia,ARM,Western Asia,2010,Asia,7095.21267979009,30,37.647,1.9105599,0,0,0,0
Aruba,ABW,Latin America and the Caribbean,2020,Americas,28976.4635497124,49.2,19.556,5.756139,0,0,0,0
Aruba,ABW,Latin America and the Caribbean,2015,Americas,35972.8664446515,40.2,22.875,12.033591,0,0,0,0
Aruba,ABW,Latin America and the Caribbean,2010,Americas,33729.5119105028,42.7,7.494,3.995465,0,0,0,0
Australia,AUS,Australia and New Zealand,2020,Oceania,53984.1246979075,33.8,14.219,0.8584594,0,0,0,0
Australia,AUS,Australia and New Zealand,2015,Oceania,46263.731388772,32.3,13.11,0.98546845,0,0,0,0
Australia,AUS,Australia and New Zealand,2010,Oceania,39372.8511038542,34.7,11.548,1.043286,0,0,0,0
Austria,AUT,Western Europe,2020,Europe,58523.0337816246,29.8,10.325,0.72858477,0,0,0,0
Austria,AUT,Western Europe,2015,Europe,49562.5939257986,30.5,10.91,0.50902134,0,0,0,0
Austria,AUT,Western Europe,2010,Europe,41740.1149241758,30.3,9.673,0.7292209,0,0,0,0
Azerbaijan,AZE,Western Asia,2020,Asia,15163.5703327282,28.8,15.129,2.1509116,0,0,0,0
Azerbaijan,AZE,Western Asia,2015,Asia,15075.272634791,43,13.363,2.1634703,0,0,0,0
Azerbaijan,AZE,Western Asia,2010,Asia,14930.4100337944,32.1,14.64,2.2521412,0,0,0,0
"Bahamas, The",BHS,Latin America and the Caribbean,2020,Americas,27204.625909518,48.4,24.284,5.756139,0,0,0,0
"Bahamas, The",BHS,Latin America and the Caribbean,2015,Americas,32137.5784729905,42.7,25.109,11.560721,0,0,0,0
"Bahamas, The",BHS,Latin America and the Caribbean,2010,Americas,29624.9512261144,44.5,26.766,12.913972,0,0,0,0
Bahrain,BHR,Western Asia,2020,Asia,53436.0316999712,24.9,6.365,0,0,0,0,0
Bahrain,BHR,Western Asia,2015,Asia,48034.2468880503,35.8,5.427,0.21903406,0,0,0,0
Bahrain,BHR,Western Asia,2010,Asia,49254.5770084238,35.9,4.953,0.1648473,0,0,0,0
Bangladesh,BGD,Southern Asia,2020,Asia,6640.58437331062,30.1,13.29,0.8594477,0,0,0,0
Bangladesh,BGD,Southern Asia,2015,Asia,4212.23578089428,33.1,10.56,2.5316348,0,0,0,0
Bangladesh,BGD,Southern Asia,2010,Asia,2833.69544368864,32.1,6.289,2.6202023,0,0,0,0
Barbados,BRB,Latin America and the Caribbean,2020,Americas,15824.49106614,44.6,29.974,14.554594,0,0,0,0
Barbados,BRB,Latin America and the Caribbean,2015,Americas,17804.7490038367,40.6,28.856,11.111509,0,0,0,0
Barbados,BRB,Latin America and the Caribbean,2010,Americas,18977.5426798427,43.7,25.369,11.262754,0,0,0,0
Belarus,BLR,Eastern Europe,2020,Europe,24872.3066744528,24.4,12.045,0.42805547,0,0,0,0
Belarus,BLR,Eastern Europe,2015,Europe,18133.5313085883,25.6,10.78,3.436175,0,0,0,0
Belarus,BLR,Eastern Europe,2010,Europe,15339.0999026403,28.6,10.918,4.225166,0,0,0,0
Belgium,BEL,Western Europe,2020,Europe,56120.0958420466,26,15.326,1.1518548,0,0,0,0
Belgium,BEL,Western Europe,2015,Europe,46084.2424551717,27.7,22.125,0.89891577,0,0,0,0
Belgium,BEL,Western Europe,2010,Europe,39844.4054386496,28.4,22.391,2.2001173,0,0,0,0
Belize,BLZ,Latin America and the Caribbean,2020,Americas,9618.01643529994,49.2,23.566,26.099539,1,0,0,0
Belize,BLZ,Latin America and the Caribbean,2015,Americas,9538.19054142614,40.6,16.48,33.39573,1,0,0,0
Belize,BLZ,Latin America and the Caribbean,2010,Americas,9734.89239729241,47.7,16.925,40.28166,1,0,0,0
Benin,BEN,Sub-Saharan Africa,2020,Africa,3244.58772756805,39.5,2.973,8.973695,0,0,0,0
Benin,BEN,Sub-Saharan Africa,2015,Africa,2725.33724817144,47.6,3.75,1.7541351,0,0,0,0
Benin,BEN,Sub-Saharan Africa,2010,Africa,2220.32854611489,37.5,2.138,3.1782088,0,0,0,0
Bermuda,BMU,Northern America,2020,Americas,85146.4006275696,33.6,7.097,10.872604,0,1,0,0
Bermuda,BMU,Northern America,2015,Americas,75943.4642970922,42.7,23.331,6.3028355,0,1,0,0
Bermuda,BMU,Northern America,2010,Americas,72188.6928304585,53.1,24.195,10.984613,0,1,0,0
Bhutan,BTN,Southern Asia,2020,Asia,12475.048003428,38.8,21.989,2.4675133,0,0,0,0
Bhutan,BTN,Southern Asia,2015,Asia,10213.8139608922,31.3,10.115,1.6202685,0,0,0,0
Bhutan,BTN,Southern Asia,2010,Asia,7245.77263522404,34,8.784,2.2803977,0,0,0,0
Bolivia,BOL,Latin America and the Caribbean,2020,Americas,8293.99121208365,43.6,15.231,3.6221154,0,0,0,0
Bolivia,BOL,Latin America and the Caribbean,2015,Americas,7152.04465025692,46.7,6.852,4.9297733,0,0,0,0
Bolivia,BOL,Latin America and the Caribbean,2010,Americas,5100.52757238083,43.7,5.283,13.682036,0,0,0,0
Bosnia and Herzegovina,BIH,Southern Europe,2020,Europe,16369.9341410765,35.2,37.676,1.3032873,0,0,0,0
Bosnia and Herzegovina,BIH,Southern Europe,2015,Europe,11848.6326084163,43.7,64.762,1.6199899,0,0,1,0
Bosnia and Herzegovina,BIH,Southern Europe,2010,Europe,9086.74853515985,32.1,59,1.4692488,0,0,1,0
Botswana,BWA,Sub-Saharan Africa,2020,Africa,15292.2624704777,41.5,40.389,9.34108,0,0,0,0
Botswana,BWA,Sub-Saharan Africa,2015,Africa,14143.6940733728,54.9,34.766,0.8843786,0,0,0,0
Botswana,BWA,Sub-Saharan Africa,2010,Africa,12490.8923158262,37.5,35.093,14.903273,0,0,0,0
Brazil,BRA,Latin America and the Caribbean,2020,Americas,16101.6183063466,48.9,30.267,22.870605,1,0,0,0
Brazil,BRA,Latin America and the Caribbean,2015,Americas,14821.4383174534,51.9,19.493,28.850302,1,0,0,0
Brazil,BRA,Latin America and the Caribbean,2010,Americas,14451.7158389637,49.2,18.242,26.994568,1,0,0,0
British Virgin Islands,VGB,Latin America and the Caribbean,2020,Americas,55667.4687778644,41.5,17.586,1.6565263,0,0,0,0
British Virgin Islands,VGB,Latin America and the Caribbean,2015,Americas,58187.4764072535,41.5,8.875,18.710926,0,0,0,0
British Virgin Islands,VGB,Latin America and the Caribbean,2010,Americas,10027.5372996025,40.2,19.381,13.682036,0,0,0,0
Brunei Darussalam,BRN,South-eastern Asia,2020,Asia,69787.9633393605,26.6,26.844,1.0256623,0,0,0,0
Brunei Darussalam,BRN,South-eastern Asia,2015,Asia,62707.8263582428,29.4,25.939,0.74654263,0,0,0,0
Brunei Darussalam,BRN,South-eastern Asia,2010,Asia,79542.6778763874,36.8,21.596,2.1509116,0,1,0,0
Bulgaria,BGR,Eastern Europe,2020,Europe,27376.7783677501,40.5,14.214,0.9951466,0,0,0,0
Bulgaria,BGR,Eastern Europe,2015,Europe,18901.1716985864,38.6,21.653,1.7554817,0,0,0,0
Bulgaria,BGR,Eastern Europe,2010,Europe,14955.9157788275,35.7,21.95,1.9898896,0,0,0,0
Burkina Faso,BFA,Sub-Saharan Africa,2020,Africa,2380.72282781802,37.5,8.905,10.032131,0,0,0,0
Burkina Faso,BFA,Sub-Saharan Africa,2015,Africa,1691.57935387408,41.5,7.335,4.279318,0,0,0,0
Burkina Faso,BFA,Sub-Saharan Africa,2010,Africa,1449.42216382921,39.5,5.965,2.656516,0,0,0,0
Burundi,BDI,Sub-Saharan Africa,2020,Africa,786.515830674648,37.5,1.69,1.6250405,0,0,0,0
Burundi,BDI,Sub-Saharan Africa,2015,Africa,797.426234406883,35.3,2.671,4.1728597,0,0,0,0
Burundi,BDI,Sub-Saharan Africa,2010,Africa,613.649848956193,35.3,2.301,1.6565263,0,0,0,0
Cabo Verde,CPV,Sub-Saharan Africa,2020,Africa,6852.57669930355,43,34.625,0.98432386,0,0,0,0
Cabo Verde,CPV,Sub-Saharan Africa,2015,Africa,6773.48679969386,42.4,28.54,1.7619505,0,0,0,0
Cabo Verde,CPV,Sub-Saharan Africa,2010,Africa,6038.58525655665,37.5,21.329,14.903273,0,0,0,0
Cambodia,KHM,South-eastern Asia,2020,Asia,5942.45380373929,39.4,0.474,1.2160146,0,0,0,0
Cambodia,KHM,South-eastern Asia,2015,Asia,4433.64393500572,39.4,0.744,2.7063816,0,0,0,0
Cambodia,KHM,South-eastern Asia,2010,Asia,2988.50401439457,44.6,0.964,2.2826443,0,0,0,0
Cameroon,CMR,Sub-Saharan Africa,2020,Africa,4365.44704128392,39.5,7.384,4.5859385,0,0,0,0
Cameroon,CMR,Sub-Saharan Africa,2015,Africa,3497.66067563959,37.4,6.233,3.782385,0,0,0,0
Cameroon,CMR,Sub-Saharan Africa,2010,Africa,2913.94292755606,35.3,6.322,5.0792994,0,0,0,0
Canada,CAN,Northern America,2020,Americas,48590.6832121939,29.9,20.125,2.004092,0,0,0,0
Canada,CAN,Northern America,2015,Americas,44669.4513631838,33.7,12.759,1.6990045,0,0,0,0
Canada,CAN,Northern America,2010,Americas,40098.2537191139,33.6,14.575,1.6288027,0,0,0,0
Cayman Islands,CYM,Latin America and the Caribbean,2020,Americas,66118.6545207023,40,22.125,4.367798,0,0,0,0
Cayman Islands,CYM,Latin America and the Caribbean,2015,Americas,64009.3167970419,30.2,11.079,2.321635,0,0,0,0
Cayman Islands,CYM,Latin America and the Caribbean,2010,Americas,66325.4574311641,48,9.871,16.63632,0,1,0,0
Central African Republic,CAF,Sub-Saharan Africa,2020,Africa,1066.29005423151,35.3,10.434,1.4849432,0,0,0,0
Central African Republic,CAF,Sub-Saharan Africa,2015,Africa,768.870887999174,41.5,9.402,4.8015943,0,0,0,0
Central African Republic,CAF,Sub-Saharan Africa,2010,Africa,936.485497371468,35,9.815,5.0792994,0,0,0,0
Chad,TCD,Sub-Saharan Africa,2020,Africa,2185.99034173537,37.4,1.9,1.6250405,0,0,0,0
Chad,TCD,Sub-Saharan Africa,2015,Africa,2377.51137185751,37.4,1.403,3.782385,0,0,0,0
Chad,TCD,Sub-Saharan Africa,2010,Africa,2318.39844293894,35.3,1.286,5.0792994,0,0,0,0
Chile,CHL,Latin America and the Caribbean,2020,Americas,25350.8635082972,47,24.377,5.756139,0,0,0,0
Chile,CHL,Latin America and the Caribbean,2015,Americas,22457.8800614565,45.3,15.282,2.321635,0,0,0,0
Chile,CHL,Latin America and the Caribbean,2010,Americas,17917.8951217097,44.6,18.634,3.1487422,0,0,0,0
China,CHN,Eastern Asia,2020,Asia,18267.4783455827,37.1,12.678,0.5018561,0,0,0,0
China,CHN,Eastern Asia,2015,Asia,13463.3331511105,38.6,10.697,0.6589624,0,0,0,0
China,CHN,Eastern Asia,2010,Asia,9411.13821903204,43.7,9.823,0.9921857,0,0,0,0
Colombia,COL,Latin America and the Caribbean,2020,Americas,15519.2101694656,53.5,27.248,22.642704,1,0,0,1
Colombia,COL,Latin America and the Caribbean,2015,Americas,13332.0555048211,51,17.316,27.215279,1,0,0,0
Colombia,COL,Latin America and the Caribbean,2010,Americas,10841.1279801312,54.6,22.572,34.524174,1,0,0,0
Comoros,COM,Sub-Saharan Africa,2020,Africa,3261.59496762747,30,10.469,1.9105599,0,0,0,0
Comoros,COM,Sub-Saharan Africa,2015,Africa,2949.47342240993,37.5,9.517,3.6797173,0,0,0,0
Comoros,COM,Sub-Saharan Africa,2010,Africa,2333.32778329942,43,9.556,2.820436,0,0,0,0
"Congo, Dem. Rep.",COD,Sub-Saharan Africa,2020,Africa,1136.00839556367,44.7,9.617,2.727507,0,0,0,0
"Congo, Dem. Rep.",COD,Sub-Saharan Africa,2015,Africa,859.143482737815,35.3,8.389,1.829519,0,0,0,0
"Congo, Dem. Rep.",COD,Sub-Saharan Africa,2010,Africa,597.088740789196,43,7.494,1.3891021,0,0,0,0
"Congo, Rep.",COG,Sub-Saharan Africa,2020,Africa,4770.96449758365,43.6,46.326,2.2079382,0,0,0,0
"Congo, Rep.",COG,Sub-Saharan Africa,2015,Africa,4715.13431581624,45.5,41.133,9.421518,0,0,0,0
"Congo, Rep.",COG,Sub-Saharan Africa,2010,Africa,5125.06991343643,55.8,39.978,2.2803977,0,0,0,0
Costa Rica,CRI,Latin America and the Caribbean,2020,Americas,22099.867812715,49.2,40.108,11.322284,0,0,0,0
Costa Rica,CRI,Latin America and the Caribbean,2015,Americas,17525.1404625252,48.4,22.363,11.560721,0,0,0,0
Costa Rica,CRI,Latin America and the Caribbean,2010,Americas,12927.5645930035,48,17.378,11.567261,0,0,0,0
Cote d'Ivoire,CIV,Sub-Saharan Africa,2020,Africa,5543.85096318939,39.5,4.698,1.8870108,0,0,0,0
Cote d'Ivoire,CIV,Sub-Saharan Africa,2015,Africa,4403.64296618998,41.5,3.382,3.6124742,0,0,0,0
Cote d'Ivoire,CIV,Sub-Saharan Africa,2010,Africa,3360.54408826055,37.5,9.074,3.1782088,0,0,0,0
Croatia,HRV,Southern Europe,2020,Europe,31595.9559202678,29.5,21.222,1.0116445,0,0,0,0
Croatia,HRV,Southern Europe,2015,Europe,23758.9515172107,31.1,42.455,0.8843786,0,0,0,0
Croatia,HRV,Southern Europe,2010,Europe,20143.7495528981,32.4,32.355,1.4414765,0,0,0,0
Cuba,CUB,Latin America and the Caribbean,2020,Americas,43853.1712385354,29.9,5.204,14.554594,0,0,0,0
Cuba,CUB,Latin America and the Caribbean,2015,Americas,26877.4665031101,43.7,5.97,5.4899907,0,0,0,0
Cuba,CUB,Latin America and the Caribbean,2010,Americas,21616.7122418461,48.4,6.026,4.4700513,0,0,0,0
Curacao,CUW,Latin America and the Caribbean,2020,Americas,21797.0190062969,49.2,33.74,3.3002937,0,0,0,0
Curacao,CUW,Latin America and the Caribbean,2015,Americas,24037.6486252583,43.7,42.458,11.560721,0,0,0,0
Curacao,CUW,Latin America and the Caribbean,2010,Americas,25956.8107585616,45.5,8.563,11.111509,0,0,0,0
Cyprus,CYP,Western Asia,2020,Asia,43354,31.7,18.491,1.1518548,0,0,0,0
Cyprus,CYP,Western Asia,2015,Asia,31930.763671875,34,32.539,1.2300107,0,0,0,0
Cyprus,CYP,Western Asia,2010,Asia,33505.8828125,31.5,15.852,0.70933527,0,0,0,0
Czechia,CZE,Eastern Europe,2020,Europe,44839.4822099455,26.2,7.936,0.72984886,0,0,0,0
Czechia,CZE,Eastern Europe,2015,Europe,34102.176988058,25.9,12.582,0.8361509,0,0,0,0
Czechia,CZE,Eastern Europe,2010,Europe,28156.9854724601,26.6,18.356,0.98432386,0,0,0,0
Denmark,DNK,Northern Europe,2020,Europe,62682.2899474389,27.5,11.588,0.8231116,0,0,0,0
Denmark,DNK,Northern Europe,2015,Europe,48910.3324371901,28.2,12.152,1.0908386,0,0,0,0
Denmark,DNK,Northern Europe,2010,Europe,43042.394637021,27.2,15.554,0.7570483,0,0,0,0
Djibouti,DJI,Sub-Saharan Africa,2020,Africa,5527.00185229888,39.6,82.409,1.4692488,0,0,1,0
Djibouti,DJI,Sub-Saharan Africa,2015,Africa,4263.96288890455,50.8,72.503,1.7847812,0,0,1,0
Djibouti,DJI,Sub-Saharan Africa,2010,Africa,2994.28032714875,46,70.018,9.799011,0,0,1,0
Dominica,DMA,Latin America and the Caribbean,2020,Americas,14243.7623123898,40.6,14.575,22.198215,1,0,0,0
Dominica,DMA,Latin America and the Caribbean,2015,Americas,12092.7315992676,49.2,47.478,12.782275,0,0,0,0
Dominica,DMA,Latin America and the Caribbean,2010,Americas,10924.0953245506,53.1,8.468,21.783804,1,0,0,0
Dominican Republic,DOM,Latin America and the Caribbean,2020,Americas,18998.3069667315,39.6,14.766,8.729776,0,0,0,0
Dominican Republic,DOM,Latin America and the Caribbean,2015,Americas,14804.0974069659,45.2,16.426,6.3028355,0,0,0,0
Dominican Republic,DOM,Latin America and the Caribbean,2010,Americas,11245.6811892201,47.3,10.81,25.193033,1,0,0,0
Ecuador,ECU,Latin America and the Caribbean,2020,Americas,11526.8013009278,47.3,11.079,7.8194175,0,0,0,0
Ecuador,ECU,Latin America and the Caribbean,2015,Americas,10877.7507461388,46,8.824,6.4550934,0,0,0,0
Ecuador,ECU,Latin America and the Caribbean,2010,Americas,8968.94040838943,48.8,9.286,17.404345,0,0,0,0
"Egypt, Arab Rep.",EGY,Northern Africa,2020,Africa,15231.865417764,30,18.463,6.528054,0,0,0,0
"Egypt, Arab Rep.",EGY,Northern Africa,2015,Africa,10903.3368231185,31.8,34.16,4.453473,0,0,0,0
"Egypt, Arab Rep.",EGY,Northern Africa,2010,Africa,8837.76450033703,30.2,24.583,1.4692488,0,0,0,0
El Salvador,SLV,Latin America and the Caribbean,2020,Americas,9392.68913817943,44.6,11.069,21.508745,1,0,0,0
El Salvador,SLV,Latin America and the Caribbean,2015,Americas,7933.73697858999,40.6,8.661,107.63823,1,0,0,0
El Salvador,SLV,Latin America and the Caribbean,2010,Americas,6247.91452716829,43.5,10.156,65.70264,1,0,0,0
Equatorial Guinea,GNQ,Sub-Saharan Africa,2020,Africa,13677.110587517,37.5,17.665,8.237903,0,0,0,0
Equatorial Guinea,GNQ,Sub-Saharan Africa,2015,Africa,19478.7010123338,36.5,15.692,2.3653512,0,0,0,0
Equatorial Guinea,GNQ,Sub-Saharan Africa,2010,Africa,26167.8268525276,39.5,15.958,9.34038,0,0,0,0
Eritrea,ERI,Sub-Saharan Africa,2020,Africa,786.515830674648,41.5,10.732,9.952186,0,0,0,0
Eritrea,ERI,Sub-Saharan Africa,2015,Africa,2994.28032714875,35,9.758,2.0960221,0,0,0,0
Eritrea,ERI,Sub-Saharan Africa,2010,Africa,1599.19106106457,43,10.228,2.820436,0,0,0,0
Estonia,EST,Northern Europe,2020,Europe,40672.1340402132,30.7,18.417,3.1586797,0,0,0,0
Estonia,EST,Northern Europe,2015,Europe,29720.5911161676,32.7,14.342,3.423157,0,0,0,0
Estonia,EST,Northern Europe,2010,Europe,21616.7122418461,32,32.938,5.257432,0,0,0,0
Eswatini,SWZ,Sub-Saharan Africa,2020,Africa,9297.5881020884,41.5,58.728,8.686621,0,0,1,0
Eswatini,SWZ,Sub-Saharan Africa,2015,Africa,8393.35393669388,43.6,48.094,9.800383,0,0,0,0
Eswatini,SWZ,Sub-Saharan Africa,2010,Africa,7230.86004359533,42.4,54.314,18.710926,0,0,1,0
Ethiopia,ETH,Sub-Saharan Africa,2020,Africa,2406.78938478669,37.4,6.359,4.063206,0,0,0,0
Ethiopia,ETH,Sub-Saharan Africa,2015,Africa,1632.61818006837,35,3.811,4.1728597,0,0,0,0
Ethiopia,ETH,Sub-Saharan Africa,2010,Africa,995.65397860146,33.2,3.44,3.3002937,0,0,0,0
Faroe Islands,FRO,Northern Europe,2020,Europe,61648.5056152701,25.9,26.766,1.0499917,0,0,0,0
Faroe Islands,FRO,Northern Europe,2015,Europe,53682.1715306081,36,17.152,0.72984886,0,0,0,0
Faroe Islands,FRO,Northern Europe,2010,Europe,39766.5911029215,28.2,16.925,0.70933527,0,0,0,0
Fiji,FJI,Melanesia,2020,Oceania,11235.2760396525,29,17.142,2.950939,0,0,0,0
Fiji,FJI,Melanesia,2015,Oceania,11733.7429205049,29,14.638,2.4675133,0,0,0,0
Fiji,FJI,Melanesia,2010,Oceania,7476.10752715045,38.2,13.059,2.1967907,0,0,0,0
Finland,FIN,Northern Europe,2020,Europe,53296.5792798852,27.1,21.193,1.7541918,0,0,0,0
Finland,FIN,Northern Europe,2015,Europe,42269.2212218196,27.1,22.304,1.4964275,0,0,0,0
Finland,FIN,Northern Europe,2010,Europe,38950.5525874191,27.7,21.288,2.2001173,0,0,0,0
France,FRA,Western Europe,2020,Europe,49481.8044309655,30.7,20.398,1.0499917,0,0,0,0
France,FRA,Western Europe,2015,Europe,40916.10535718,32.7,25.262,1.5589297,0,0,0,0
France,FRA,Western Europe,2010,Europe,35911.5438581409,33.7,23.592,1.2551768,0,0,0,0
French Polynesia,PYF,Polynesia,2020,Oceania,30778.3127370297,35.8,41.36,0.9350856,0,0,0,0
French Polynesia,PYF,Polynesia,2015,Oceania,2721.34184517493,35.3,35.564,5.9192696,0,0,0,0
French Polynesia,PYF,Polynesia,2010,Oceania,2911.8920318969,30,35.127,0.8843786,0,0,0,0
Gabon,GAB,Sub-Saharan Africa,2020,Africa,14477.1308291818,43,39.777,1.2623929,0,0,0,0
Gabon,GAB,Sub-Saharan Africa,2015,Africa,14306.4340768252,47.6,35.907,4.3655767,0,0,0,0
Gabon,GAB,Sub-Saharan Africa,2010,Africa,14014.6905491122,47.6,35.935,3.7362838,0,0,0,0
"Gambia, The",GMB,Sub-Saharan Africa,2020,Africa,2530.80414937307,38.8,10.283,4.7998877,0,0,0,0
"Gambia, The",GMB,Sub-Saharan Africa,2015,Africa,1990.31625750973,35.9,11.079,2.0960221,0,0,0,0
"Gambia, The",GMB,Sub-Saharan Africa,2010,Africa,2266.82898238442,43.6,14.218,3.5072424,0,0,0,0
Georgia,GEO,Western Asia,2020,Asia,16791.2598654465,34.5,30.852,0.89891577,0,0,0,0
Georgia,GEO,Western Asia,2015,Asia,12269.6528932768,36.5,36.483,0.7570483,0,0,0,0
Georgia,GEO,Western Asia,2010,Asia,7711.80683889487,39.5,41.26,4.7998877,0,0,0,0
Germany,DEU,Western Europe,2020,Europe,58685.872699771,32.4,7.862,0.9350856,0,0,0,0
Germany,DEU,Western Europe,2015,Europe,48558.4432970969,31.7,7.328,0.8309215,0,0,0,0
Germany,DEU,Western Europe,2010,Europe,39730.4897885271,30.2,10.416,0.98106015,0,0,0,0
Ghana,GHA,Sub-Saharan Africa,2020,Africa,6047.30111673554,37.4,6.399,1.7404771,0,0,0,0
Ghana,GHA,Sub-Saharan Africa,2015,Africa,5191.37053389659,35,14.238,1.829519,0,0,0,0
Ghana,GHA,Sub-Saharan Africa,2010,Africa,3855.46891716757,35,11.103,1.6565263,0,0,0,0
Gibraltar,GIB,Southern Europe,2020,Europe,11747.318031542,37.1,38.312,0.74654263,0,0,0,0
Gibraltar,GIB,Southern Europe,2015,Europe,66118.6545207023,26.8,12.678,0.6079229,0,0,0,0
Gibraltar,GIB,Southern Europe,2010,Europe,41262.7276941725,30.3,34.978,3.2002048,0,0,0,0
Greece,GRC,Southern Europe,2020,Europe,29533.087740299,33.6,33.74,0.72901493,0,0,0,0
Greece,GRC,Southern Europe,2015,Europe,26614.8483754225,36,49.731,0.8594477,0,0,0,0
Greece,GRC,Southern Europe,2010,Europe,27841.8591363591,34.1,33.005,1.5820694,0,0,0,0
Greenland,GRL,Northern America,2020,Americas,64999.4435683064,31.8,13.872,5.756139,0,0,0,0
Greenland,GRL,Northern America,2015,Americas,55815.6502883612,54.9,36.216,7.1401796,0,0,0,0
Greenland,GRL,Northern America,2010,Americas,50190.8817880429,43.6,41.231,19.429651,0,0,0,0
Grenada,GRD,Latin America and the Caribbean,2020,Americas,14361.1267154452,40.6,10.831,12.033591,0,0,0,0
Grenada,GRD,Latin America and the Caribbean,2015,Americas,13214.4096644941,44.5,34.625,5.2321324,0,0,0,0
Grenada,GRD,Latin America and the Caribbean,2010,Americas,10344.3839189192,49.2,13.331,8.961698,0,0,0,0
Guam,GUM,Micronesia,2020,Oceania,31930.763671875,39.7,15.446,0.576286,0,0,0,0
Guam,GUM,Micronesia,2015,Oceania,3157.30009311643,29,16.393,1.706002,0,0,0,0
Guam,GUM,Micronesia,2010,Oceania,5122.19827984698,33.5,19.492,1.8015692,0,0,0,0
Guatemala,GTM,Latin America and the Caribbean,2020,Americas,10947.3705618969,53.1,5.166,18.188286,1,0,0,0
Guatemala,GTM,Latin America and the Caribbean,2015,Americas,8934.00235466215,49.2,5.581,6.4550934,0,0,0,0
Guatemala,GTM,Latin America and the Caribbean,2010,Americas,6510.09980949963,47.7,5.296,41.10313,1,0,0,0
Guinea,GIN,Sub-Saharan Africa,2020,Africa,3331.85663003801,30,8.461,4.8015943,0,0,0,0
Guinea,GIN,Sub-Saharan Africa,2015,Africa,1929.68091332187,39.5,6.906,1.3643339,0,0,0,0
Guinea,GIN,Sub-Saharan Africa,2010,Africa,1621.69161141242,30,6.502,5.756139,0,0,0,0
Guinea-Bissau,GNB,Sub-Saharan Africa,2020,Africa,2310.37430731557,37.4,2.764,4.063206,0,0,0,0
Guinea-Bissau,GNB,Sub-Saharan Africa,2015,Africa,1729.94260310123,39.5,3.875,1.3643339,0,0,0,0
Guinea-Bissau,GNB,Sub-Saharan Africa,2010,Africa,1369.68917066121,50.6,3.843,4.8015943,0,0,0,0
Guyana,GUY,Latin America and the Caribbean,2020,Americas,16819.4228714695,47.3,30.857,19.44317,1,0,0,0
Guyana,GUY,Latin America and the Caribbean,2015,Americas,11408.473901349,51,24.227,19.636759,1,0,0,0
Guyana,GUY,Latin America and the Caribbean,2010,Americas,9336.59830212594,43.7,22.558,18.68519,0,0,0,0
Haiti,HTI,Latin America and the Caribbean,2020,Americas,3103.18066312462,47.3,39.687,11.384003,0,0,0,0
Haiti,HTI,Latin America and the Caribbean,2015,Americas,3025.83461728258,49.2,34.082,10.177472,0,0,0,0
Haiti,HTI,Latin America and the Caribbean,2010,Americas,2694.91104137315,47.3,36.948,6.905842,0,0,0,0
Honduras,HND,Latin America and the Caribbean,2020,Americas,5384.69831983038,44.6,17.087,35.70285,1,0,0,0
Honduras,HND,Latin America and the Caribbean,2015,Americas,4845.59566521125,49.2,11.042,55.73054,1,0,0,0
Honduras,HND,Latin America and the Caribbean,2010,Americas,3757.5464206245,53.1,7.506,74.54089,1,0,0,0
"Hong Kong SAR, China",HKG,Eastern Asia,2020,Asia,58187.4764072535,31.8,15.533,1.7541918,0,0,0,0
"Hong Kong SAR, China",HKG,Eastern Asia,2015,Asia,56043.042695697,27.7,10.424,0.89891577,0,0,0,0
"Hong Kong SAR, China",HKG,Eastern Asia,2010,Asia,49197.6589927693,35.7,12.097,0.9642953,0,0,0,0
Hungary,HUN,Eastern Europe,2020,Europe,35583.5855675637,28.2,12.757,0.82055855,0,0,0,0
Hungary,HUN,Eastern Europe,2015,Europe,26944.9597666868,30.4,17.272,2.246115,0,0,0,0
Hungary,HUN,Eastern Europe,2010,Europe,21693.4020663431,29.4,26.393,1.3828863,0,0,0,0
Iceland,ISL,Northern Europe,2020,Europe,55796.7454667632,26,9.871,1.3638322,0,0,0,0
Iceland,ISL,Northern Europe,2015,Europe,49214.2648614584,26.8,8.573,0.9064772,0,0,0,0
Iceland,ISL,Northern Europe,2010,Europe,39768.4169599139,26.2,15.851,0.6286185,0,0,0,0
India,IND,Southern Asia,2020,Asia,6966.27542785911,34.6,24.666,2.9352973,0,0,0,0
India,IND,Southern Asia,2015,Asia,5425.03599091046,32.4,24.959,3.3412788,0,0,0,0
India,IND,Southern Asia,2010,Asia,4206.45986002117,34,23.348,3.7362838,0,0,0,0
Indonesia,IDN,South-eastern Asia,2020,Asia,11729.3674458448,35.3,14.773,1.4964275,0,0,0,0
Indonesia,IDN,South-eastern Asia,2015,Asia,10027.5372996025,38.2,17.224,1.2551768,0,0,0,0
Indonesia,IDN,South-eastern Asia,2010,Asia,8353.45684733249,34.6,17.691,8.237903,0,0,0,0
"Iran, Islamic Rep.",IRN,Southern Asia,2020,Asia,14110.3191444298,35.8,23.712,1.5944778,0,0,0,0
"Iran, Islamic Rep.",IRN,Southern Asia,2015,Asia,13689.7646428107,35.3,25.962,0.6589624,0,0,0,0
"Iran, Islamic Rep.",IRN,Southern Asia,2010,Asia,17865.9413811134,34.6,28.7,1.007997,0,0,0,0
Iraq,IRQ,Western Asia,2020,Asia,10573.9304750715,32.8,34.823,0.42805547,0,0,0,0
Iraq,IRQ,Western Asia,2015,Asia,9334.46604866315,34.6,21.354,0.9656457,0,0,0,0
Iraq,IRQ,Western Asia,2010,Asia,12186.1929623841,34.7,16.578,8.66796,0,0,0,0
Ireland,IRL,Northern Europe,2020,Europe,97799.9225748607,29.2,15.263,0.6221643,0,1,0,0
Ireland,IRL,Northern Europe,2015,Europe,71607.4568294649,31.8,20.235,0.5741643,0,1,0,0
Ireland,IRL,Northern Europe,2010,Europe,43216.9847302406,32.3,28.157,1.1844496,0,0,0,0
Isle of Man,IMN,Northern Europe,2020,Europe,38950.5525874191,36.5,39.687,0.8584594,0,0,0,0
Isle of Man,IMN,Northern Europe,2015,Europe,43853.1712385354,25.7,14.7,1.1962724,0,0,0,0
Isle of Man,IMN,Northern Europe,2010,Europe,17356.6588564889,33.7,5.721,2.2411442,0,0,0,0
Israel,ISR,Western Asia,2020,Asia,40955.2856179152,37.8,7.645,1.6703832,0,0,0,0
Israel,ISR,Western Asia,2015,Asia,35868.9736376014,39.7,9.202,1.4901448,0,0,0,0
Israel,ISR,Western Asia,2010,Asia,29455.8218132531,42.6,14.22,2.044506,0,0,0,0
Italy,ITA,Southern Europe,2020,Europe,44435.6434393527,35.2,29.39,0.4756916,0,0,0,0
Italy,ITA,Southern Europe,2015,Europe,37394.4535005423,35.4,40.316,0.77424276,0,0,0,0
Italy,ITA,Southern Europe,2010,Europe,34977.9942339965,34.7,27.91,0.87926024,0,0,0,0
Jamaica,JAM,Latin America and the Caribbean,2020,Americas,8991.16205633754,44.6,20.087,47.090176,1,0,0,0
Jamaica,JAM,Latin America and the Caribbean,2015,Americas,8985.5766781795,43.5,25.777,43.13953,1,0,0,0
Jamaica,JAM,Latin America and the Caribbean,2010,Americas,8080.14850837338,43.7,20.451,52.645607,1,0,0,0
Japan,JPN,Eastern Asia,2020,Asia,42425.6946789651,32.3,4.679,0.2517724,0,0,0,0
Japan,JPN,Eastern Asia,2015,Asia,40906.594569246,30.7,5.471,0.28520724,0,0,0,0
Japan,JPN,Eastern Asia,2010,Asia,35335.3735103814,31.5,9.46,0.36275616,0,0,0,0
Jordan,JOR,Western Asia,2020,Asia,9579.20081317696,36.5,42.458,0.9939967,0,0,0,0
Jordan,JOR,Western Asia,2015,Asia,8967.07995837808,32.4,30.914,1.7706108,0,0,0,0
Jordan,JOR,Western Asia,2010,Asia,9416.64386806071,33.7,30.131,1.7541351,0,0,0,0
Kazakhstan,KAZ,Central Asia,2020,Asia,29039.8229624509,28.7,3.769,3.110545,0,0,0,0
Kazakhstan,KAZ,Central Asia,2015,Asia,22484.3651382607,26.8,3.754,4.7168326,0,0,0,0
Kazakhstan,KAZ,Central Asia,2010,Asia,18641.8061477073,28,5.215,8.237903,0,0,0,0
Kenya,KEN,Sub-Saharan Africa,2020,Africa,4792.57315847182,36.2,13.649,3.5601206,0,0,0,0
Kenya,KEN,Sub-Saharan Africa,2015,Africa,3678.32614146019,40.8,7.3,4.8015943,0,0,0,0
Kenya,KEN,Sub-Saharan Africa,2010,Africa,2634.89271323826,41.5,7.053,4.629967,0,0,0,0
Kiribati,KIR,Micronesia,2020,Oceania,2710.90622817554,39.4,36.948,1.7541918,0,0,0,0
Kiribati,KIR,Micronesia,2015,Oceania,2310.6029149637,34,21.354,0.3823274,0,0,0,0
Kiribati,KIR,Micronesia,2010,Oceania,1724.46710150819,32.1,22.04,3.6797173,0,0,0,0
"Korea, Dem. People's Rep.",PRK,Eastern Asia,2020,Asia,15336.5987771764,31.5,7.418,2.4675133,0,0,0,0
"Korea, Dem. People's Rep.",PRK,Eastern Asia,2015,Asia,9713.35863309362,38.1,6.757,9.053297,0,0,0,0
"Korea, Dem. People's Rep.",PRK,Eastern Asia,2010,Asia,17343.6771298998,42.6,6.49,1.9707929,0,0,0,0
"Korea, Rep.",KOR,Eastern Asia,2020,Asia,45142.7634505403,32.7,10.143,0.8309215,0,0,0,0
"Korea, Rep.",KOR,Eastern Asia,2015,Asia,37907.5003102016,25.5,9.899,0.97033215,0,0,0,0
"Korea, Rep.",KOR,Eastern Asia,2010,Asia,31736.6284370925,32,8.54,2.5943546,0,0,0,0
Kuwait,KWT,Western Asia,2020,Asia,41461.7235103219,28.7,19.149,0.24999182,0,0,0,0
Kuwait,KWT,Western Asia,2015,Asia,45267.3085910026,30.7,16.179,0,0,0,0,0
Kuwait,KWT,Western Asia,2010,Asia,75184.0866636559,32,8.581,2.0384786,0,1,0,0
Kyrgyz Republic,KGZ,Central Asia,2020,Asia,5178.5619670404,29,8.468,0.6286185,0,0,0,0
Kyrgyz Republic,KGZ,Central Asia,2015,Asia,4153.3766990372,29,6.448,4.3655767,0,0,0,0
Kyrgyz Republic,KGZ,Central Asia,2010,Asia,3075.61554332455,30.1,5.237,2.6202023,0,0,0,0
Lao PDR,LAO,South-eastern Asia,2020,Asia,7913.38660650276,42.6,4.261,0.28520724,0,0,0,0
Lao PDR,LAO,South-eastern Asia,2015,Asia,6086.0673044622,35.6,4.524,0.8843786,0,0,0,0
Lao PDR,LAO,South-eastern Asia,2010,Asia,3772.26605172404,38.1,1.572,2.727507,0,0,0,0
Latvia,LVA,Northern Europe,2020,Europe,32741.4207691987,35.7,14.868,3.6820333,0,0,0,0
Latvia,LVA,Northern Europe,2015,Europe,24137.87643586,34.2,16.316,3.3874876,0,0,0,0
Latvia,LVA,Northern Europe,2010,Europe,17343.4658666613,35,36.24,0.93424326,0,0,0,0
Lebanon,LBN,Western Asia,2020,Asia,16259.7051312281,34.6,27.028,2.24467,0,0,0,0
Lebanon,LBN,Western Asia,2015,Asia,17045.898285301,34.7,20.569,3.5689626,0,0,0,0
Lebanon,LBN,Western Asia,2010,Asia,14703.6153215084,33.1,16.067,3.2333007,0,0,0,0
Lesotho,LSO,Sub-Saharan Africa,2020,Africa,2559.09776834929,41.5,28.298,3.3412788,0,0,0,0
Lesotho,LSO,Sub-Saharan Africa,2015,Africa,3034.64692924848,35,24.034,0.7018856,0,0,0,0
Lesotho,LSO,Sub-Saharan Africa,2010,Africa,2152.91528289768,35,23.046,1.4692488,0,0,0,0
Liberia,LBR,Sub-Saharan Africa,2020,Africa,1659.52109145991,35.3,2.931,6.620188,0,0,0,0
Liberia,LBR,Sub-Saharan Africa,2015,Africa,1340.43279741197,30,1.923,3.1782088,0,0,0,0
Liberia,LBR,Sub-Saharan Africa,2010,Africa,980.1181397741,39.5,3.151,3.1782088,0,0,0,0
Libya,LBY,Northern Africa,2020,Africa,10954.799045265,35.9,53.366,3.2333007,0,0,0,0
Libya,LBY,Northern Africa,2015,Africa,17903.2565395803,35,51.486,3.3002937,0,0,1,0
Libya,LBY,Northern Africa,2010,Africa,30234.0918728805,41.5,49.499,5.756139,0,0,1,0
Liechtenstein,LIE,Western Europe,2020,Europe,61648.5056152701,28.4,41.231,2.5795135,0,0,0,0
Liechtenstein,LIE,Western Europe,2015,Europe,39730.4897885271,26.2,7.3,0,0,0,0,0
Liechtenstein,LIE,Western Europe,2010,Europe,54432.332994981,32.3,10.978,2.7778935,0,0,0,0
Lithuania,LTU,Northern Europe,2020,Europe,41262.7276941725,36,19.556,3.6126075,0,0,0,0
Lithuania,LTU,Northern Europe,2015,Europe,28853.9978560937,37.4,16.302,5.9192696,0,0,0,0
Lithuania,LTU,Northern Europe,2010,Europe,19827.948684184,33.6,35.744,7.069717,0,0,0,0
Luxembourg,LUX,Western Europe,2020,Europe,122066.739147202,33.4,23.182,0.47573966,0,1,0,0
Luxembourg,LUX,Western Europe,2015,Europe,107888.578352982,32.9,17.5,0.87790763,0,1,0,0
Luxembourg,LUX,Western Europe,2010,Europe,90346.0688268008,30.5,13.917,1.9707929,0,1,0,0
"Macao SAR, China",MAC,Eastern Asia,2020,Asia,57220.817061871,29,7.694,0.21903406,0,0,0,0
"Macao SAR, China",MAC,Eastern Asia,2015,Asia,108916.86260993,35.7,4.339,0.87790763,0,1,0,0
"Macao SAR, China",MAC,Eastern Asia,2010,Asia,99831.766339042,31.8,5.416,1.7554817,0,1,0,0
Madagascar,MDG,Sub-Saharan Africa,2020,Africa,1490.32312837866,36.5,5.929,5.0235434,0,0,0,0
Madagascar,MDG,Sub-Saharan Africa,2015,Africa,1496.61172412841,36.5,3.305,0.7018856,0,0,0,0
Madagascar,MDG,Sub-Saharan Africa,2010,Africa,1463.87646786391,42.4,4.791,3.8044744,0,0,0,0
Malawi,MWI,Sub-Saharan Africa,2020,Africa,1513.45990803344,35.3,7.865,1.6338809,0,0,0,0
Malawi,MWI,Sub-Saharan Africa,2015,Africa,1403.08451209235,37.5,6.731,4.367798,0,0,0,0
Malawi,MWI,Sub-Saharan Africa,2010,Africa,1457.60568309596,45.5,6.534,3.5072424,0,0,0,0
Malaysia,MYS,South-eastern Asia,2020,Asia,27474.7361378236,36,12.366,0.74654263,0,0,0,0
Malaysia,MYS,South-eastern Asia,2015,Asia,24526.3942716012,41.1,10.978,1.5944778,0,0,0,0
Malaysia,MYS,South-eastern Asia,2010,Asia,20193.4092945433,38.1,11.104,1.8844368,0,0,0,0
Maldives,MDV,Southern Asia,2020,Asia,13425.3674459601,43,16.109,0.24999182,0,0,0,0
Maldives,MDV,Southern Asia,2015,Asia,17875.0989419263,31.3,16.747,0.93424326,0,0,0,0
Maldives,MDV,Southern Asia,2010,Asia,12797.3279369096,40.1,23.331,1.6630081,0,0,0,0
Mali,MLI,Sub-Saharan Africa,2020,Africa,2723.70094784441,39.5,6.733,2.2803977,0,0,0,0
Mali,MLI,Sub-Saharan Africa,2015,Africa,2330.24293947692,39.5,2.169,1.3643339,0,0,0,0
Mali,MLI,Sub-Saharan Africa,2010,Africa,1997.68294373356,39.5,2.176,8.686621,0,0,0,0
Malta,MLT,Southern Europe,2020,Europe,49987.8929839855,31.4,10.872,1.3508128,0,0,0,0
Malta,MLT,Southern Europe,2015,Europe,38379.0106589466,29.4,11.653,0.89891577,0,0,0,0
Malta,MLT,Southern Europe,2010,Europe,28912.3673064801,29,13.229,0.94640845,0,0,0,0
Marshall Islands,MHL,Micronesia,2020,Oceania,6136.97119702131,40.1,41.41,0.8584594,0,0,0,0
Marshall Islands,MHL,Micronesia,2015,Oceania,4125.1616927563,44.6,12.738,0.50902134,0,0,0,0
Marshall Islands,MHL,Micronesia,2010,Oceania,3473.40469896159,30,11.644,0.8923708,0,0,0,0
Mauritania,MRT,Sub-Saharan Africa,2020,Africa,5740.73959690129,37.5,25.601,0.9999715,0,0,0,0
Mauritania,MRT,Sub-Saharan Africa,2015,Africa,3977.61171275863,35,18.509,5.82861,0,0,0,0
Mauritania,MRT,Sub-Saharan Africa,2010,Africa,3177.84436561165,47.6,15.331,9.800383,0,0,0,0
Mauritius,MUS,Sub-Saharan Africa,2020,Africa,21326.224396378,37.5,24.795,2.727507,0,0,0,0
Mauritius,MUS,Sub-Saharan Africa,2015,Africa,20011.3333068005,39.5,25.564,1.6250405,0,0,0,0
Mauritius,MUS,Sub-Saharan Africa,2010,Africa,15913.9099205525,41.5,23.524,2.572679,0,0,0,0
Mexico,MEX,Latin America and the Caribbean,2020,Americas,19354.1248722314,44.6,8.053,29.001005,1,0,0,0
Mexico,MEX,Latin America and the Caribbean,2015,Americas,19075.3384711297,43.7,8.516,17.14843,1,0,0,0
Mexico,MEX,Latin America and the Caribbean,2010,Americas,15908.8603191799,47.7,9.704,22.668648,1,0,0,0
"Micronesia, Fed. Sts.",FSM,Micronesia,2020,Oceania,3682.39299463483,33.1,5.199,0.24999182,0,0,0,0
"Micronesia, Fed. Sts.",FSM,Micronesia,2015,Oceania,3346.80950600201,29,8.461,0.7787528,0,0,0,0
"Micronesia, Fed. Sts.",FSM,Micronesia,2010,Oceania,3125.91252899737,35.3,35.935,1.013551,0,0,0,0
Moldova,MDA,Eastern Europe,2020,Europe,13527.4413130967,25,4.015,3.0301738,0,0,0,0
Moldova,MDA,Eastern Europe,2015,Europe,9197.61838204272,27,3.251,5.749636,0,0,0,0
Moldova,MDA,Eastern Europe,2010,Europe,6323.06287905206,32.1,5.607,7.2962728,0,0,0,0
Monaco,MCO,Western Europe,2020,Europe,21693.4020663431,25.4,13.452,0,0,0,0,0
Monaco,MCO,Western Europe,2015,Europe,49562.5939257986,31.7,28.856,0.66447276,0,0,0,0
Monaco,MCO,Western Europe,2010,Europe,11993.5315145202,27.3,14.7,9.952186,0,0,0,0
Mongolia,MNG,Eastern Asia,2020,Asia,13693.179806943,38.1,15.947,6.2295156,0,0,0,0
Mongolia,MNG,Eastern Asia,2015,Asia,10458.3027240524,43,12.738,7.1895905,0,0,0,0
Mongolia,MNG,Eastern Asia,2010,Asia,7531.62557442648,33.1,14.559,8.846177,0,0,0,0
Montenegro,MNE,Southern Europe,2020,Europe,20827.4892978607,35.4,36.216,2.9608428,0,0,0,0
Montenegro,MNE,Southern Europe,2015,Europe,16271.9861609659,39,37.722,2.7063816,0,0,0,0
Montenegro,MNE,Southern Europe,2010,Europe,13633.6988304649,28.9,36.721,2.3730855,0,0,0,0
Morocco,MAR,Northern Africa,2020,Africa,7704.84912109375,43,26.88,2.9329595999999998,0,0,0,0
Morocco,MAR,Northern Africa,2015,Africa,7799.09228515625,37.5,20.825,1.2453916,0,0,0,0
Morocco,MAR,Northern Africa,2010,Africa,6848.66748046875,41.5,17.621,1.3891021,0,0,0,0
Mozambique,MOZ,Sub-Saharan Africa,2020,Africa,1411.62040229911,37.4,8.329,4.063206,0,0,0,0
Mozambique,MOZ,Sub-Saharan Africa,2015,Africa,1317.88785956822,39.5,7.097,9.34038,0,0,0,0
Mozambique,MOZ,Sub-Saharan Africa,2010,Africa,1000.2411486648,43,6.871,3.8044744,0,0,0,0
Myanmar,MMR,South-eastern Asia,2020,Asia,5740.99045843992,38.1,4.955,2.9632273,0,0,0,0
Myanmar,MMR,South-eastern Asia,2015,Asia,4458.69054442659,38.1,1.588,2.548491,0,0,0,0
Myanmar,MMR,South-eastern Asia,2010,Asia,3348.12889497049,30.1,1.502,1.6338809,0,0,0,0
Namibia,NAM,Sub-Saharan Africa,2020,Africa,9354.13136713077,35,41.433,11.103938,0,0,0,0
Namibia,NAM,Sub-Saharan Africa,2015,Africa,10465.8920558516,59.1,41.25,0.5439449,0,0,0,1
Namibia,NAM,Sub-Saharan Africa,2010,Africa,8538.19995395948,35.7,44.529,14.8828535,0,0,0,0
Nauru,NRU,Micronesia,2020,Oceania,10941.6636727977,42.9,20.398,0.6880789,0,0,0,0
Nauru,NRU,Micronesia,2015,Oceania,10020.3777452081,25.1,9.815,1.043286,0,0,0,0
Nauru,NRU,Micronesia,2010,Oceania,5667.93968133576,35.3,5.851,3.2002048,0,0,0,0
Nepal,NPL,Southern Asia,2020,Asia,4235.57462326905,25.1,24.041,2.1300414,0,0,0,0
Nepal,NPL,Southern Asia,2015,Asia,2957.30559145504,40.1,19.404,2.1492524,0,0,0,0
Nepal,NPL,Southern Asia,2010,Asia,2139.22749384013,32.8,19.189,2.9734526,0,0,0,0
Netherlands,NLD,Western Europe,2020,Europe,62596.6302027524,26,8.875,0.6860682,0,0,0,0
Netherlands,NLD,Western Europe,2015,Europe,50970.348484391,28.2,11.103,0.6079229,0,0,0,0
Netherlands,NLD,Western Europe,2010,Europe,45306.3078054895,27.8,10.77,0.85861295,0,0,0,0
New Caledonia,NCL,Melanesia,2020,Oceania,10027.5372996025,35.3,46.146,0.4756916,0,0,0,0
New Caledonia,NCL,Melanesia,2015,Oceania,11918.066205483,35.3,37.624,0.9064772,0,0,0,0
New Caledonia,NCL,Melanesia,2010,Oceania,5353.70554899388,37.4,36.027,0.3346065,0,0,0,0
New Zealand,NZL,Australia and New Zealand,2020,Oceania,45354.1561628727,38.6,12.442,1.0256623,0,0,0,0
New Zealand,NZL,Australia and New Zealand,2015,Oceania,37578.02761327,35.2,13.872,1.0403056,0,0,0,0
New Zealand,NZL,Australia and New Zealand,2010,Oceania,31292.9527570392,41.1,17.421,0.98901266,0,0,0,0
Nicaragua,NIC,Latin America and the Caribbean,2020,Americas,6274.09456741388,42.7,11.467,3.995465,0,0,0,0
Nicaragua,NIC,Latin America and the Caribbean,2015,Americas,5448.89226010317,42.7,8.792,8.521133,0,0,0,0
Nicaragua,NIC,Latin America and the Caribbean,2010,Americas,4042.22071276517,49.2,12.062,13.682036,0,0,0,0
Niger,NER,Sub-Saharan Africa,2020,Africa,1496.83350023022,37.4,0.762,2.3730855,0,0,0,0
Niger,NER,Sub-Saharan Africa,2015,Africa,1172.19178758955,30,0.703,1.7847812,0,0,0,0
Niger,NER,Sub-Saharan Africa,2010,Africa,1057.51100257385,39.5,1.214,14.903273,0,0,0,0
Nigeria,NGA,Sub-Saharan Africa,2020,Africa,5353.70554899388,41.5,10.851,3.3412788,0,0,0,0
Nigeria,NGA,Sub-Saharan Africa,2015,Africa,5189.45397195461,35.9,8.751,4.367798,0,0,0,0
Nigeria,NGA,Sub-Saharan Africa,2010,Africa,4474.60705075023,35.7,8.116,1.4692488,0,0,0,0
North Macedonia,MKD,Southern Europe,2020,Europe,19962.1686066623,34.1,35.622,0.58760196,0,0,0,0
North Macedonia,MKD,Southern Europe,2015,Europe,15038.1859543119,35.6,47.478,1.2623929,0,0,0,0
North Macedonia,MKD,Southern Europe,2010,Europe,11993.5315145202,40.1,55.198,2.0960221,0,0,1,0
Northern Mariana Islands,MNP,Micronesia,2020,Oceania,10027.5372996025,42.9,21.95,1.3508128,0,0,0,0
Northern Mariana Islands,MNP,Micronesia,2015,Oceania,3117.64425292038,44.6,23.576,0.6942189,0,0,0,0
Northern Mariana Islands,MNP,Micronesia,2010,Oceania,3348.57836914063,32.4,3.754,1.6455635,0,0,0,0
Norway,NOR,Northern Europe,2020,Europe,67110.6045705502,28.4,11.188,0.576286,0,0,0,0
Norway,NOR,Northern Europe,2015,Europe,60754.1816916377,27.5,9.779,0.46244815,0,0,0,0
Norway,NOR,Northern Europe,2010,Europe,58219.6143463523,25.7,9.192,0.5931487,0,0,0,0
Oman,OMN,Western Asia,2020,Asia,35163.3281781415,33.6,13.51,0.30956355,0,0,0,0
Oman,OMN,Western Asia,2015,Asia,36058.1666084788,31.1,15.135,0.3823274,0,0,0,0
Oman,OMN,Western Asia,2010,Asia,55667.4687778644,33.6,13.93,1.7407413,0,0,0,0
Pakistan,PAK,Southern Asia,2020,Asia,5048.0213062963,29,10.837,3.5531652,0,0,0,0
Pakistan,PAK,Southern Asia,2015,Asia,4480.26313460985,31.3,6.682,4.3655767,0,0,0,0
Pakistan,PAK,Southern Asia,2010,Asia,3785.70113530595,28.8,1.287,6.620188,0,0,0,0
Palau,PLW,Micronesia,2020,Oceania,17367.2676432665,33.5,17.709,0,0,0,0,0
Palau,PLW,Micronesia,2015,Oceania,17685.0596076711,34,4.339,16.88286,1,0,0,0
Palau,PLW,Micronesia,2010,Oceania,13448.9332812883,38.6,24.227,2.9608428,0,0,0,0
Panama,PAN,Latin America and the Caribbean,2020,Americas,27017.0033688951,49.2,33.033,11.646159,0,0,0,0
Panama,PAN,Latin America and the Caribbean,2015,Americas,27245.2788533669,50.8,11.675,11.893836,0,0,0,0
Panama,PAN,Latin America and the Caribbean,2010,Americas,15572.5787194419,51.6,13.43,12.677293,0,0,0,0
Papua New Guinea,PNG,Melanesia,2020,Oceania,3899.57719236851,42.9,4.541,0.8584594,0,0,0,0
Papua New Guinea,PNG,Melanesia,2015,Oceania,3669.73871592695,38.6,4.242,1.0116445,0,0,0,0
Papua New Guinea,PNG,Melanesia,2010,Oceania,2911.8920318969,28.8,3.574,9.34038,0,0,0,0
Paraguay,PRY,Latin America and the Caribbean,2020,Americas,14308.8787738328,43.5,17.152,7.283752,0,0,0,0
Paraguay,PRY,Latin America and the Caribbean,2015,Americas,12679.0574753215,47.6,10.922,10.017693,0,0,0,0
Paraguay,PRY,Latin America and the Caribbean,2010,Americas,10893.3149199543,51,10.614,12.913972,0,0,0,0
Peru,PER,Latin America and the Caribbean,2020,Americas,12563.3038060893,43.7,12.659,5.795013,0,0,0,0
Peru,PER,Latin America and the Caribbean,2015,Americas,11600.3873992867,43.4,6.877,7.377469,0,0,0,0
Peru,PER,Latin America and the Caribbean,2010,Americas,9713.35863309362,45.5,6.843,18.68519,0,0,0,0
Philippines,PHL,South-eastern Asia,2020,Asia,8238.36802037457,28.8,6.987,0.97033215,0,0,0,0
Philippines,PHL,South-eastern Asia,2015,Asia,6894.26702217935,44.6,8.509,2.4675133,0,0,0,0
Philippines,PHL,South-eastern Asia,2010,Asia,5489.23543457601,34.7,9.736,8.973695,0,0,0,0
Poland,POL,Eastern Europe,2020,Europe,37089.3004256812,28.5,10.831,0.6968639,0,0,0,0
Poland,POL,Eastern Europe,2015,Europe,26995.3408713745,31.8,20.684,0.7787528,0,0,0,0
Poland,POL,Eastern Europe,2010,Europe,20993.2495602577,33.2,23.576,1.007997,0,0,0,0
Portugal,PRT,Southern Europe,2020,Europe,35966.712796561,34.7,22.494,0.7810602,0,0,0,0
Portugal,PRT,Southern Europe,2015,Europe,29615.9560854108,35.5,31.947,0.9642953,0,0,0,0
Portugal,PRT,Southern Europe,2010,Europe,27295.1035561802,35.8,22.753,1.1721711,0,0,0,0
Puerto Rico (US),PRI,Latin America and the Caribbean,2020,Americas,36858.6085217908,46,19.578,2.004092,0,0,0,0
Puerto Rico (US),PRI,Latin America and the Caribbean,2015,Americas,32323.5456459985,44.5,26.508,14.554594,0,0,0,0
Puerto Rico (US),PRI,Latin America and the Caribbean,2010,Americas,30908.7986630853,40.2,34.978,10.177472,0,0,0,0
Qatar,QAT,Western Asia,2020,Asia,82149.3573751713,25.6,0.48,0.42805547,0,1,0,0
Qatar,QAT,Western Asia,2015,Asia,102545.939634633,34.6,0.569,0.24718513,0,1,0,0
Qatar,QAT,Western Asia,2010,Asia,151646.217415364,32.3,1.296,0.23402357,0,1,0,0
Romania,ROU,Eastern Europe,2020,Europe,34386.1207230181,34.6,17.586,1.4490161,0,0,0,0
Romania,ROU,Eastern Europe,2015,Europe,21630.3143728731,35.9,22.038,1.706002,0,0,0,0
Romania,ROU,Eastern Europe,2010,Europe,17356.6588564889,35.5,22.193,1.3018428,0,0,0,0
Russian Federation,RUS,Eastern Europe,2020,Europe,31490.8046875,33.7,17.001,1.4490161,0,0,0,0
Russian Federation,RUS,Eastern Europe,2015,Europe,23994.013671875,36.5,16.403,0.2533781,0,0,0,0
Russian Federation,RUS,Eastern Europe,2010,Europe,20490.126953125,39.5,17.19,0.98901266,0,0,0,0
Rwanda,RWA,Sub-Saharan Africa,2020,Africa,2284.89889795328,37.5,15.947,3.6124742,0,0,0,0
Rwanda,RWA,Sub-Saharan Africa,2015,Africa,1780.74171636863,41.5,16.606,2.5171773,0,0,0,0
Rwanda,RWA,Sub-Saharan Africa,2010,Africa,1314.13559494324,47.2,16.134,2.820436,0,0,0,0
Samoa,WSM,Polynesia,2020,Oceania,6450.76538373229,33.1,17.747,0.6942189,0,0,0,0
Samoa,WSM,Polynesia,2015,Oceania,5681.77812768843,34.6,18.061,1.5944778,0,0,0,0
Samoa,WSM,Polynesia,2010,Oceania,5229.04191199124,33.1,14.624,8.289189,0,0,0,0
San Marino,SMR,Southern Europe,2020,Europe,55206.5812324405,28.4,29.15,0,0,0,0,0
San Marino,SMR,Southern Europe,2015,Europe,52247.2078276415,32.3,8.216,0.24999182,0,0,0,0
San Marino,SMR,Southern Europe,2010,Europe,58926.1403701298,27.5,35.093,0,0,0,0,0
Sao Tome and Principe,STP,Sub-Saharan Africa,2020,Africa,5144.53560286014,37.4,9.446,8.973695,0,0,0,0
Sao Tome and Principe,STP,Sub-Saharan Africa,2015,Africa,3171.50905832741,35,12.8,2.0960221,0,0,0,0
Sao Tome and Principe,STP,Sub-Saharan Africa,2010,Africa,2858.56899092769,30.8,20.832,3.3002937,0,0,0,0
Saudi Arabia,SAU,Western Asia,2020,Asia,47518.4877485153,39,29.627,1.3638322,0,0,0,0
Saudi Arabia,SAU,Western Asia,2015,Asia,53930.8273872622,33.6,28.156,0.74654263,0,0,0,0
Saudi Arabia,SAU,Western Asia,2010,Asia,58828.7075224838,37.8,24.762,0.98546845,0,0,0,0
Senegal,SEN,Sub-Saharan Africa,2020,Africa,3752.91947490817,35.3,4.871,1.7619505,0,0,0,0
Senegal,SEN,Sub-Saharan Africa,2015,Africa,2994.28032714875,41.5,8.045,11.103938,0,0,0,0
Senegal,SEN,Sub-Saharan Africa,2010,Africa,2662.50486626479,37.4,2.942,1.4692488,0,0,0,0
Serbia,SRB,Southern Europe,2020,Europe,21013.0399401927,35,26.608,1.2160146,0,0,0,0
Serbia,SRB,Southern Europe,2015,Europe,15550.4859018426,40.5,43.23,1.3932908,0,0,0,0
Serbia,SRB,Southern Europe,2010,Europe,13321.5066928033,29,46.439,1.7847812,0,0,1,0
Seychelles,SYC,Sub-Saharan Africa,2020,Africa,31055.9442055039,36.5,28.298,7.4818563,0,0,0,0
Seychelles,SYC,Sub-Saharan Africa,2015,Africa,25435.2289894362,30,1.502,6.528054,0,0,0,0
Seychelles,SYC,Sub-Saharan Africa,2010,Africa,18981.6586503443,35,9.704,9.476577,0,0,0,0
Sierra Leone,SLE,Sub-Saharan Africa,2020,Africa,2721.34184517493,39.5,4.1,2.2243123,0,0,0,0
Sierra Leone,SLE,Sub-Saharan Africa,2015,Africa,2560.04985807593,47.6,8.303,1.7619505,0,0,0,0
Sierra Leone,SLE,Sub-Saharan Africa,2010,Africa,1900.38515206703,47.6,7.916,2.6194358,0,0,0,0
Singapore,SGP,South-eastern Asia,2020,Asia,101518.31798444,30.4,10.557,0.17793117,0,1,0,0
Singapore,SGP,South-eastern Asia,2015,Asia,87156.187383315,35.7,8.894,0.2533781,0,1,0,0
Singapore,SGP,South-eastern Asia,2010,Asia,75400.5557984177,32.8,9.413,0.37423572,0,1,0,0
Sint Maarten (Dutch part),SXM,Latin America and the Caribbean,2020,Americas,38901.4867603712,44.5,47.478,11.646159,0,0,0,0
Sint Maarten (Dutch part),SXM,Latin America and the Caribbean,2015,Americas,44587.5911500766,40.2,3.727,8.729776,0,0,0,0
Sint Maarten (Dutch part),SXM,Latin America and the Caribbean,2010,Americas,37736.4056799196,43.7,4.1,12.677293,0,0,0,0
Slovak Republic,SVK,Eastern Europe,2020,Europe,35327.9439165588,24.2,19.438,3.110545,0,0,0,0
Slovak Republic,SVK,Eastern Europe,2015,Europe,30156.0270992722,26.5,26.571,2.246115,0,0,0,0
Slovak Republic,SVK,Eastern Europe,2010,Europe,25384.4911366354,27.3,33.749,1.3018428,0,0,0,0
Slovenia,SVN,Southern Europe,2020,Europe,41767.2579899957,24,14.179,0.5232067,0,0,0,0
Slovenia,SVN,Southern Europe,2015,Europe,31344.6289743058,25.4,16.299,0.97089875,0,0,0,0
Slovenia,SVN,Southern Europe,2010,Europe,27582.4977417186,24.9,14.7,0.73363554,0,0,0,0
Solomon Islands,SLB,Melanesia,2020,Oceania,2405.30256166037,37.1,1.499,1.4490161,0,0,0,0
Solomon Islands,SLB,Melanesia,2015,Oceania,2353.78728249487,39.3,1.298,0.98546845,0,0,0,0
Solomon Islands,SLB,Melanesia,2010,Oceania,2182.21600810863,34.7,2.924,1.1721711,0,0,0,0
"Somalia, Fed. Rep.",SOM,Sub-Saharan Africa,2020,Africa,1454.33348080341,40,35.978,9.34108,0,0,0,0
"Somalia, Fed. Rep.",SOM,Sub-Saharan Africa,2015,Africa,1341.38999678728,36.2,33.508,2.5171773,0,0,0,0
"Somalia, Fed. Rep.",SOM,Sub-Saharan Africa,2010,Africa,815.131435995058,35,34.088,5.3232317,0,0,0,0
South Africa,ZAF,Sub-Saharan Africa,2020,Africa,12671.0862436851,31.8,58.588,32.977566,1,0,1,0
South Africa,ZAF,Sub-Saharan Africa,2015,Africa,13397.5234813346,33.7,49.447,32.919315,1,0,0,0
South Africa,ZAF,Sub-Saharan Africa,2010,Africa,12637.2912226018,63.4,50.064,30.362572,1,0,1,1
South Sudan,SSD,Sub-Saharan Africa,2020,Africa,2911.8920318969,41.5,21.984,8.66796,0,0,0,0
South Sudan,SSD,Sub-Saharan Africa,2015,Africa,1154.88686304107,35,19.447,1.829519,0,0,0,0
South Sudan,SSD,Sub-Saharan Africa,2010,Africa,2948.0500149385,43,19.442,2.820436,0,0,0,0
Spain,ESP,Southern Europe,2020,Europe,39327.8479269599,34.9,38.312,0.6942189,0,0,0,0
Spain,ESP,Southern Europe,2015,Europe,35238.0691376424,36.2,48.353,0.6469069,0,0,0,0
Spain,ESP,Southern Europe,2010,Europe,31808.2179879539,35.2,41.453,0.8560973,0,0,0,0
Sri Lanka,LKA,Southern Asia,2020,Asia,12940.9043295749,34.5,25.449,0,0,0,0,0
Sri Lanka,LKA,Southern Asia,2015,Asia,12227.1714849513,33.1,19.232,2.2411442,0,0,0,0
Sri Lanka,LKA,Southern Asia,2010,Asia,8233.6266381136,35.3,18.684,3.654374,0,0,0,0
St. Kitts and Nevis,KNA,Latin America and the Caribbean,2020,Americas,27326.036057423,42.7,35.848,11.322284,0,0,0,0
St. Kitts and Nevis,KNA,Latin America and the Caribbean,2015,Americas,26877.4665031101,46.7,8.216,2.321635,0,0,0,0
St. Kitts and Nevis,KNA,Latin America and the Caribbean,2010,Americas,23691.4477936151,43.5,9.402,5.7739778,0,0,0,0
St. Lucia,LCA,Latin America and the Caribbean,2020,Americas,14912.159584235,53.1,51.641,2.004092,0,0,0,0
St. Lucia,LCA,Latin America and the Caribbean,2015,Americas,14353.2224845845,43.7,47.011,6.4550934,0,0,0,0
St. Lucia,LCA,Latin America and the Caribbean,2010,Americas,12717.7865966902,44.6,35.313,16.63632,0,0,0,0
St. Martin (French part),MAF,Latin America and the Caribbean,2020,Americas,28853.9978560937,48.4,24.284,5.756139,0,0,0,0
St. Martin (French part),MAF,Latin America and the Caribbean,2015,Americas,22457.8800614565,42.7,9.871,8.699481,0,0,0,0
St. Martin (French part),MAF,Latin America and the Caribbean,2010,Americas,55815.6502883612,47.2,26.393,7.8194175,0,0,0,0
St. Vincent and the Grenadines,VCT,Latin America and the Caribbean,2020,Americas,15336.5987771764,49.2,47.275,11.893836,0,0,0,0
St. Vincent and the Grenadines,VCT,Latin America and the Caribbean,2015,Americas,12378.842727428,40.6,41.41,5.2321324,0,0,0,0
St. Vincent and the Grenadines,VCT,Latin America and the Caribbean,2010,Americas,10561.308030596,47.7,41.819,11.262754,0,0,0,0
Sudan,SDN,Northern Africa,2020,Africa,3348.57836914063,35,19.904,6.528054,0,0,0,0
Sudan,SDN,Northern Africa,2015,Africa,4217.01025390625,43,25.233,3.7362838,0,0,0,0
Sudan,SDN,Northern Africa,2010,Africa,3805.62744140625,47.6,26.387,9.34038,0,0,0,0
Suriname,SUR,Latin America and the Caribbean,2020,Americas,16946.8942361914,43.7,28.397,8.982283,0,0,0,0
Suriname,SUR,Latin America and the Caribbean,2015,Americas,16543.5743051372,44.5,13.027,5.8456707,0,0,0,0
Suriname,SUR,Latin America and the Caribbean,2010,Americas,13039.4491198099,42.7,13.452,11.262754,0,0,0,0
Sweden,SWE,Northern Europe,2020,Europe,57489.2657196219,28.9,23.895,1.197641,0,0,0,0
Sweden,SWE,Northern Europe,2015,Europe,48785.1551864585,29.2,20.365,1.1429176,0,0,0,0
Sweden,SWE,Northern Europe,2010,Europe,41956.1290051562,27.7,24.761,0.97033215,0,0,0,0
Switzerland,CHE,Western Europe,2020,Europe,72997.8239503282,33.7,8.603,0.5439449,0,0,0,0
Switzerland,CHE,Western Europe,2015,Europe,65282.5841931923,32.3,8.815,0.6880789,0,0,0,0
Switzerland,CHE,Western Europe,2010,Europe,54432.332994981,32.6,8.216,0.66447276,0,0,0,0
Syrian Arab Republic,SYR,Western Asia,2020,Asia,3737.65751831376,35.3,36.166,0,0,0,0,0
Syrian Arab Republic,SYR,Western Asia,2015,Asia,17525.1404625252,33.5,34.715,0.87926024,0,0,0,0
Syrian Arab Republic,SYR,Western Asia,2010,Asia,9336.59830212594,25.1,20.491,3.5601206,0,0,0,0
Tajikistan,TJK,Central Asia,2020,Asia,3653.95976759112,33.7,29.031,0.8923708,0,0,0,0
Tajikistan,TJK,Central Asia,2015,Asia,2975.47097476092,34,25.212,0.94640845,0,0,0,0
Tajikistan,TJK,Central Asia,2010,Asia,2291.07823631732,35.3,24.724,2.3653512,0,0,0,0
Tanzania,TZA,Sub-Saharan Africa,2020,Africa,3290.60986328125,35.3,3.805,3.749213,0,0,0,0
Tanzania,TZA,Sub-Saharan Africa,2015,Africa,2317.27978515625,39.5,3.602,7.2009435,0,0,0,0
Tanzania,TZA,Sub-Saharan Africa,2010,Africa,2069.40185546875,39.5,5.851,8.686621,0,0,0,0
Thailand,THA,South-eastern Asia,2020,Asia,19163.7415152349,35,5.199,3.110545,0,0,0,0
Thailand,THA,South-eastern Asia,2015,Asia,15791.1714762207,36,3.094,9.053297,0,0,0,0
Thailand,THA,South-eastern Asia,2010,Asia,12932.2633444457,39.4,2.598,5.328127,0,0,0,0
Timor-Leste,TLS,South-eastern Asia,2020,Asia,6132.08299806495,42.9,6.743,0.98546845,0,0,0,0
Timor-Leste,TLS,South-eastern Asia,2015,Asia,3107.57190164098,38.8,8.563,2.9352973,0,0,0,0
Timor-Leste,TLS,South-eastern Asia,2010,Asia,1955.32969499557,38.8,9.331,2.727507,0,0,0,0
Togo,TGO,Sub-Saharan Africa,2020,Africa,2356.75859666213,39.5,3.727,2.1967907,0,0,0,0
Togo,TGO,Sub-Saharan Africa,2015,Africa,1879.66940004825,43,4.315,8.289189,0,0,0,0
Togo,TGO,Sub-Saharan Africa,2010,Africa,1537.0546089113,41.5,3.963,1.3891021,0,0,0,0
Tonga,TON,Polynesia,2020,Oceania,6689.85928964051,43,7.937,0.9457794,0,0,0,0
Tonga,TON,Polynesia,2015,Oceania,5471.79686971112,33.5,5.84,0.2533781,0,0,0,0
Tonga,TON,Polynesia,2010,Oceania,4465.46050009263,35.3,4.218,0.93110305,0,0,0,0
Trinidad and Tobago,TTO,Latin America and the Caribbean,2020,Americas,26862.9417710355,40.2,11.81,26.940828,1,0,0,0
Trinidad and Tobago,TTO,Latin America and the Caribbean,2015,Americas,29825.4643214665,42.7,5.869,29.387306,1,0,0,0
Trinidad and Tobago,TTO,Latin America and the Caribbean,2010,Americas,30778.3127370297,40.2,9.85,34.11089,1,0,0,0
Tunisia,TUN,Northern Africa,2020,Africa,11918.066205483,47.6,41.231,4.69348,0,0,0,0
Tunisia,TUN,Northern Africa,2015,Africa,10782.5438382441,32.8,34.967,1.2453916,0,0,0,0
Tunisia,TUN,Northern Africa,2010,Africa,10555.0887033221,38.5,29.573,2.656516,0,0,0,0
Turkiye,TUR,Western Asia,2020,Asia,28680.2006288764,43,24.919,0.4756916,0,0,0,0
Turkiye,TUR,Western Asia,2015,Asia,25862.6846048907,42.9,18.299,0.98546845,0,0,0,0
Turkiye,TUR,Western Asia,2010,Asia,17343.6771298998,38.8,21.578,0.93424326,0,0,0,0
Turkmenistan,TKM,Central Asia,2020,Asia,15090.9394971778,42.6,10.038,0.6968639,0,0,0,0
Turkmenistan,TKM,Central Asia,2015,Asia,12714.8137240363,39.3,8.833,1.013551,0,0,0,0
Turkmenistan,TKM,Central Asia,2010,Asia,8971.61628736812,34,8.405,1.8870108,0,0,0,0
Turks and Caicos Islands,TCA,Latin America and the Caribbean,2020,Americas,19530.0254075613,44.6,38.312,51.818726,1,0,0,0
Turks and Caicos Islands,TCA,Latin America and the Caribbean,2015,Americas,24012.8725763975,51,17.19,5.4899907,0,0,0,0
Turks and Caicos Islands,TCA,Latin America and the Caribbean,2010,Americas,22316.4440292076,42.7,2.598,5.7739778,0,0,0,0
Tuvalu,TUV,Polynesia,2020,Oceania,5122.19827984698,32.1,14.7,0.6079229,0,0,0,0
Tuvalu,TUV,Polynesia,2015,Oceania,3775.7556591637,34,9.736,6.2295156,0,0,0,0
Tuvalu,TUV,Polynesia,2010,Oceania,2945.12892457303,39.1,5.721,9.421518,0,0,0,0
Uganda,UGA,Sub-Saharan Africa,2020,Africa,2532.21950102069,39.5,5.721,10.032131,0,0,0,0
Uganda,UGA,Sub-Saharan Africa,2015,Africa,2189.96485919003,37.4,3.877,1.2453916,0,0,0,0
Uganda,UGA,Sub-Saharan Africa,2010,Africa,2091.55963145331,39.5,5.345,9.7558565,0,0,0,0
Ukraine,UKR,Eastern Europe,2020,Europe,15541.02734375,25.6,19.355,3.8003569,0,0,0,0
Ukraine,UKR,Eastern Europe,2015,Europe,9921.833984375,25.5,22.611,7.4818563,0,0,0,0
Ukraine,UKR,Eastern Europe,2010,Europe,8453.2998046875,24.8,17.709,4.279318,0,0,0,0
United Arab Emirates,ARE,Western Asia,2020,Asia,65352.8344182277,40.5,13.482,0.68793815,0,0,0,0
United Arab Emirates,ARE,Western Asia,2015,Asia,71720.3084512543,39,5.447,0.6916719,0,1,0,0
United Arab Emirates,ARE,Western Asia,2010,Asia,83670.9093739164,35.2,7.191,0.9656457,0,1,0,0
United Kingdom,GBR,Northern Europe,2020,Europe,48230.0477027461,32.6,13.371,0.9457794,0,0,0,0
United Kingdom,GBR,Northern Europe,2015,Europe,42526.7003586335,33.3,15.046,0.9482717,0,0,0,0
United Kingdom,GBR,Northern Europe,2010,Europe,36487.6718531875,33.7,20.206,1.1998765,0,0,0,0
United States,USA,Northern America,2020,Americas,64401.5074354209,40,14.891,6.3546557,0,0,0,0
United States,USA,Northern America,2015,Americas,56849.4697923159,41.5,11.634,4.8701963,0,0,0,0
United States,USA,Northern America,2010,Americas,48642.6312088213,40.2,18.361,4.7328067,0,0,0,0
Uruguay,URY,Latin America and the Caribbean,2020,Americas,25725.258216942,40.2,34.209,10.032457,0,0,0,0
Uruguay,URY,Latin America and the Caribbean,2015,Americas,22168.6114189676,40.1,22.875,8.699481,0,0,0,0
Uruguay,URY,Latin America and the Caribbean,2010,Americas,17872.5369682924,44.5,20.707,6.177341,0,0,0,0
Uzbekistan,UZB,Central Asia,2020,Asia,8451.72505108114,35.3,12.838,1.3368517,0,0,0,0
Uzbekistan,UZB,Central Asia,2015,Asia,6799.57332842183,38.8,11.564,1.6455635,0,0,0,0
Uzbekistan,UZB,Central Asia,2010,Asia,5504.8563793137,29,11.644,5.0235434,0,0,0,0
Vanuatu,VUT,Melanesia,2020,Oceania,3117.64425292038,44.6,9.696,0.3346065,0,0,0,0
Vanuatu,VUT,Melanesia,2015,Oceania,2965.84143257378,33.1,11.202,3.423157,0,0,0,0
Vanuatu,VUT,Melanesia,2010,Oceania,2733.45922588718,37.4,9.407,0.87926024,0,0,0,0
"Venezuela, RB",VEN,Latin America and the Caribbean,2020,Americas,19827.948684184,40.2,13.628,2.321635,0,0,0,0
"Venezuela, RB",VEN,Latin America and the Caribbean,2015,Americas,5956.28620064819,43.7,13.331,12.913972,0,0,0,0
"Venezuela, RB",VEN,Latin America and the Caribbean,2010,Americas,16527.7394080967,43.7,14.178,5.7739778,0,0,0,0
Viet Nam,VNM,South-eastern Asia,2020,Asia,11609.3177276423,36.8,6.546,1.5944778,0,0,0,0
Viet Nam,VNM,South-eastern Asia,2015,Asia,7671.5819778084,29,6.267,1.3018428,0,0,0,0
Viet Nam,VNM,South-eastern Asia,2010,Asia,5389.21956993674,39.3,3.432,0.37423572,0,0,0,0
Virgin Islands (U.S.),VIR,Latin America and the Caribbean,2020,Americas,41749.0800364553,48.4,35.848,4.8701963,0,0,0,0
Virgin Islands (U.S.),VIR,Latin America and the Caribbean,2015,Americas,32573.7166812174,40.2,26.802,11.560721,0,0,0,0
Virgin Islands (U.S.),VIR,Latin America and the Caribbean,2010,Americas,41607.5668567026,48.4,24.195,2.321635,0,0,0,0
West Bank and Gaza,PSE,Western Asia,2020,Asia,5956.28620064819,30,42.053,0.7787528,0,0,0,0
West Bank and Gaza,PSE,Western Asia,2015,Asia,5769.98236633203,39.5,37.215,1.2551768,0,0,0,0
West Bank and Gaza,PSE,Western Asia,2010,Asia,4120.86066344952,35.3,36.178,3.2333007,0,0,0,0
"Yemen, Rep.",YEM,Western Asia,2020,Asia,14804.0974069659,39.1,34.625,1.7407413,0,0,0,0
"Yemen, Rep.",YEM,Western Asia,2015,Asia,4206.45986002117,37.4,32.695,2.2001173,0,0,0,0
"Yemen, Rep.",YEM,Western Asia,2010,Asia,3603.03505648202,32.4,22.04,7.2962728,0,0,0,0
Zambia,ZMB,Sub-Saharan Africa,2020,Africa,3157.30009311643,30,11.042,1.3643339,0,0,0,0
Zambia,ZMB,Sub-Saharan Africa,2015,Africa,3337.47306887696,55.8,12.344,5.2015085,0,0,0,0
Zambia,ZMB,Sub-Saharan Africa,2010,Africa,3097.66400499243,52,29.15,5.82861,0,0,0,0
Zimbabwe,ZWE,Sub-Saharan Africa,2020,Africa,3510.67604016744,39.5,14.258,5.0235434,0,0,0,0
Zimbabwe,ZWE,Sub-Saharan Africa,2015,Africa,2646.645807311,37.5,7.991,9.800383,0,0,0,0
Zimbabwe,ZWE,Sub-Saharan Africa,2010,Africa,1740.94575434279,37.5,9.065,5.3232317,0,0,0,0
